GMV slab,Creators sampled,Sample orders,Total GMV,Total spend,Total sample cost,M+0,M+1,M+2,M+3,M+4,M+5,M+6 and later,Spend M+0,Spend M+1,Spend M+2,Spend M+3,Spend M+4,Spend M+5,Spend M+6 and later,Sample cost M+0,Sample cost M+1,Sample cost M+2,Sample cost M+3,Sample cost M+4,Sample cost M+5,Sample cost M+6 and later,ROAS,Final ROAS
£0-£50,5666,5743,14893.0,7832.0,36151.0,6352.0,3560.0,3490.0,469.0,25.0,980.0,17.0,1835.0,1371.0,3440.0,236.0,10.0,813.0,127.0,35424.0,181.0,217.0,87.0,60.0,42.0,140.0,1.9,0.34
£50-£100,678,704,4218.0,913.0,4887.0,2100.0,802.0,549.0,243.0,141.0,150.0,233.0,408.0,152.0,66.0,57.0,50.0,43.0,137.0,4452.0,125.0,107.0,78.0,12.0,42.0,71.0,4.62,0.73
£100-£200,947,998,28271.0,17370.0,7279.0,5258.0,18892.0,2226.0,366.0,618.0,430.0,481.0,2801.0,12136.0,1584.0,140.0,204.0,250.0,255.0,6115.0,296.0,279.0,200.0,108.0,107.0,174.0,1.63,1.15
£200-£500,1422,1539,21247.0,7907.0,12489.0,9413.0,5013.0,1273.0,1586.0,837.0,580.0,2545.0,3358.0,1813.0,393.0,576.0,406.0,379.0,982.0,9616.0,668.0,680.0,552.0,371.0,276.0,326.0,2.69,1.04
£500-£1K,1065,1180,33325.0,15254.0,10490.0,13733.0,4060.0,4910.0,2168.0,3879.0,1443.0,3132.0,5844.0,1336.0,2592.0,827.0,2223.0,734.0,1698.0,7162.0,803.0,701.0,473.0,425.0,259.0,667.0,2.18,1.29
£1K-£5K,1823,2054,168141.0,93450.0,22388.0,50397.0,45451.0,18712.0,17218.0,7265.0,15530.0,13568.0,25543.0,26202.0,10687.0,5752.0,3355.0,11018.0,10893.0,12881.0,1561.0,1743.0,1583.0,1243.0,1329.0,2048.0,1.8,1.45
£5K-£10K,375,424,155544.0,77405.0,5060.0,51829.0,22512.0,17653.0,17254.0,6895.0,13629.0,25772.0,23605.0,12555.0,9531.0,13134.0,4132.0,4666.0,9782.0,2665.0,445.0,375.0,350.0,327.0,289.0,609.0,2.01,1.89
£10K-£25K,328,360,382787.0,211360.0,3756.0,98692.0,119821.0,32484.0,49969.0,8620.0,15688.0,57513.0,47548.0,62666.0,21375.0,21232.0,5711.0,6324.0,46504.0,2302.0,215.0,262.0,159.0,209.0,144.0,465.0,1.81,1.78
£25K-£50K,108,119,131739.0,83909.0,1407.0,15001.0,24042.0,18513.0,18212.0,16194.0,6512.0,33265.0,9362.0,12396.0,13859.0,10392.0,10466.0,5081.0,22353.0,786.0,79.0,100.0,78.0,69.0,71.0,224.0,1.57,1.54
£50K+,63,73,120891.0,59933.0,781.0,52611.0,9364.0,23696.0,21424.0,8647.0,4610.0,539.0,25673.0,4343.0,7451.0,13129.0,3467.0,5428.0,442.0,468.0,42.0,57.0,52.0,71.0,69.0,22.0,2.02,1.99
No data,1129,1149,58.0,9.0,6473.0,58.0,0.0,0.0,0.0,0.0,0.0,0.0,8.0,0.0,0.0,1.0,0.0,0.0,0.0,6293.0,98.0,64.0,18.0,0.0,0.0,0.0,6.44,0.01
