Sample month,GMV slab,Creators sampled,Sample orders,M+0,Spend M+0,Sample cost M+0,M+1,Spend M+1,Sample cost M+1,M+2,Spend M+2,Sample cost M+2,M+3,Spend M+3,Sample cost M+3,M+4,Spend M+4,Sample cost M+4,M+5,Spend M+5,Sample cost M+5,M+6 and later,Spend M+6 and later,Sample cost M+6 and later,Total GMV,Total spend,Total sample cost,ROAS,Final ROAS,Months observed
2025-07,£0-£50,15,15,180.0,14.0,90.0,0.0,0.0,0.0,0.0,0.0,0.0,0.0,0.0,0.0,0.0,0.0,0.0,0.0,0.0,0.0,0.0,0.0,0.0,180.0,14.0,90.0,12.86,1.73,16
2025-07,£50-£100,2,2,0.0,0.0,12.0,0.0,0.0,0.0,25.0,0.0,0.0,0.0,0.0,0.0,0.0,0.0,0.0,0.0,0.0,0.0,0.0,1.0,0.0,25.0,1.0,12.0,25.0,1.92,16
2025-07,£100-£200,3,3,0.0,0.0,18.0,0.0,0.0,0.0,0.0,0.0,0.0,0.0,0.0,0.0,19.0,4.0,0.0,0.0,0.0,0.0,0.0,0.0,0.0,19.0,4.0,18.0,4.75,0.86,16
2025-07,£200-£500,7,7,40.0,0.0,42.0,0.0,0.0,0.0,0.0,0.0,0.0,0.0,0.0,0.0,0.0,0.0,0.0,0.0,0.0,0.0,25.0,10.0,11.0,65.0,10.0,53.0,6.5,1.03,16
2025-07,£500-£1K,7,7,623.0,46.0,42.0,25.0,0.0,0.0,25.0,0.0,0.0,0.0,0.0,0.0,0.0,1.0,0.0,0.0,0.0,0.0,122.0,75.0,6.0,795.0,122.0,48.0,6.52,4.68,16
2025-07,£1K-£5K,16,16,758.0,30.0,96.0,494.0,0.0,0.0,783.0,7.0,0.0,757.0,158.0,0.0,40.0,34.0,0.0,0.0,3.0,0.0,1368.0,1074.0,120.0,4200.0,1306.0,216.0,3.22,2.76,16
2025-07,£5K-£10K,6,6,1010.0,442.0,36.0,687.0,64.0,0.0,0.0,0.0,0.0,0.0,0.0,0.0,0.0,1.0,0.0,0.0,1.0,0.0,39.0,56.0,77.0,1736.0,564.0,113.0,3.08,2.56,16
2025-07,£10K-£25K,10,10,50.0,20.0,60.0,8782.0,5516.0,0.0,339.0,296.0,0.0,0.0,0.0,0.0,0.0,0.0,0.0,0.0,0.0,0.0,644.0,177.0,52.0,9815.0,6009.0,112.0,1.63,1.6,16
2025-07,£25K-£50K,3,3,69.0,0.0,18.0,104.0,0.0,0.0,0.0,0.0,0.0,0.0,0.0,0.0,0.0,0.0,0.0,0.0,0.0,0.0,0.0,4.0,6.0,173.0,4.0,24.0,43.25,6.18,16
2025-07,£50K+,1,1,0.0,0.0,6.0,0.0,0.0,0.0,0.0,0.0,0.0,0.0,0.0,0.0,0.0,0.0,0.0,0.0,0.0,0.0,0.0,0.0,0.0,0.0,0.0,6.0,,0.0,16
2025-08,£0-£50,12,12,0.0,0.0,72.0,0.0,0.0,0.0,0.0,0.0,0.0,0.0,0.0,0.0,0.0,0.0,0.0,0.0,0.0,0.0,0.0,1.0,0.0,0.0,1.0,72.0,0.0,0.0,15
2025-08,£50-£100,4,4,0.0,0.0,24.0,0.0,0.0,0.0,0.0,0.0,0.0,0.0,0.0,0.0,0.0,0.0,0.0,0.0,0.0,0.0,0.0,0.0,0.0,0.0,0.0,24.0,,0.0,15
2025-08,£100-£200,3,3,230.0,0.0,18.0,50.0,0.0,0.0,40.0,0.0,0.0,0.0,0.0,0.0,0.0,0.0,0.0,0.0,0.0,0.0,0.0,0.0,6.0,320.0,0.0,24.0,,13.33,15
2025-08,£200-£500,7,7,610.0,168.0,42.0,25.0,3.0,0.0,0.0,0.0,0.0,0.0,0.0,0.0,0.0,0.0,0.0,0.0,0.0,0.0,0.0,0.0,12.0,635.0,171.0,54.0,3.71,2.82,15
2025-08,£500-£1K,3,3,25.0,0.0,18.0,0.0,0.0,0.0,0.0,0.0,0.0,0.0,0.0,0.0,0.0,0.0,0.0,0.0,0.0,0.0,0.0,0.0,0.0,25.0,0.0,18.0,,1.39,15
2025-08,£1K-£5K,6,6,5813.0,4685.0,36.0,50.0,0.0,0.0,0.0,1.0,0.0,0.0,0.0,0.0,118.0,10.0,0.0,0.0,0.0,0.0,237.0,136.0,54.0,6218.0,4832.0,90.0,1.29,1.26,15
2025-08,£5K-£10K,2,2,40.0,0.0,12.0,0.0,0.0,0.0,0.0,0.0,0.0,0.0,0.0,0.0,0.0,0.0,0.0,0.0,0.0,0.0,0.0,4.0,22.0,40.0,4.0,34.0,10.0,1.05,15
2025-08,£10K-£25K,2,2,181.0,28.0,12.0,10675.0,4604.0,0.0,0.0,0.0,0.0,0.0,6.0,0.0,0.0,1.0,0.0,0.0,0.0,0.0,95.0,43.0,36.0,10951.0,4682.0,48.0,2.34,2.32,15
2025-08,£50K+,1,1,0.0,0.0,6.0,0.0,0.0,0.0,0.0,0.0,0.0,0.0,0.0,0.0,0.0,0.0,0.0,0.0,0.0,0.0,0.0,0.0,0.0,0.0,0.0,6.0,,0.0,15
2025-08,No data,1,1,0.0,0.0,10.0,0.0,0.0,0.0,0.0,0.0,0.0,0.0,0.0,0.0,0.0,0.0,0.0,0.0,0.0,0.0,0.0,0.0,0.0,0.0,0.0,10.0,,0.0,15
2025-09,£0-£50,245,245,452.0,75.0,1476.0,278.0,137.0,0.0,89.0,3.0,0.0,0.0,0.0,0.0,0.0,1.0,0.0,0.0,0.0,0.0,0.0,20.0,12.0,819.0,236.0,1488.0,3.47,0.48,14
2025-09,£50-£100,22,22,25.0,0.0,136.0,0.0,1.0,0.0,0.0,0.0,0.0,0.0,1.0,6.0,41.0,2.0,0.0,102.0,3.0,12.0,85.0,6.0,30.0,253.0,13.0,184.0,19.46,1.28,14
2025-09,£100-£200,18,18,100.0,0.0,108.0,98.0,0.0,0.0,0.0,0.0,0.0,0.0,0.0,0.0,102.0,0.0,0.0,0.0,0.0,0.0,68.0,82.0,24.0,368.0,82.0,132.0,4.49,1.72,14
2025-09,£200-£500,40,40,531.0,590.0,247.0,251.0,24.0,0.0,0.0,0.0,0.0,0.0,0.0,0.0,0.0,6.0,0.0,0.0,0.0,0.0,184.0,113.0,30.0,966.0,733.0,277.0,1.32,0.96,14
2025-09,£500-£1K,22,22,7758.0,4170.0,132.0,351.0,14.0,0.0,1502.0,1317.0,0.0,0.0,10.0,0.0,362.0,129.0,6.0,584.0,146.0,15.0,1500.0,266.0,87.0,12057.0,6052.0,240.0,1.99,1.92,14
2025-09,£1K-£5K,55,55,1384.0,848.0,330.0,3749.0,2610.0,0.0,4139.0,4149.0,0.0,2624.0,427.0,0.0,40.0,10.0,0.0,52.0,4.0,6.0,1785.0,1477.0,339.0,13773.0,9525.0,675.0,1.45,1.35,14
2025-09,£5K-£10K,9,9,0.0,0.0,54.0,225.0,423.0,0.0,263.0,127.0,0.0,0.0,0.0,0.0,0.0,3.0,0.0,0.0,0.0,0.0,933.0,496.0,34.0,1421.0,1049.0,88.0,1.35,1.25,14
2025-09,£10K-£25K,13,13,52245.0,23715.0,78.0,50350.0,28191.0,0.0,18862.0,12991.0,0.0,16445.0,7968.0,0.0,1546.0,456.0,0.0,2022.0,203.0,6.0,35592.0,26393.0,55.0,177062.0,99917.0,139.0,1.77,1.77,14
2025-09,£25K-£50K,3,3,0.0,0.0,18.0,0.0,1.0,0.0,0.0,4.0,0.0,0.0,1.0,0.0,0.0,3.0,0.0,0.0,0.0,0.0,5872.0,4549.0,27.0,5872.0,4558.0,45.0,1.29,1.28,14
2025-09,£50K+,1,1,355.0,263.0,6.0,146.0,69.0,0.0,0.0,0.0,0.0,0.0,0.0,0.0,0.0,0.0,0.0,0.0,0.0,0.0,42.0,2.0,0.0,543.0,334.0,6.0,1.63,1.6,14
2025-09,No data,4,4,0.0,0.0,32.0,0.0,0.0,0.0,0.0,0.0,0.0,0.0,0.0,0.0,0.0,0.0,0.0,0.0,0.0,0.0,0.0,0.0,0.0,0.0,0.0,32.0,,0.0,14
2025-10,£0-£50,394,394,854.0,212.0,2364.0,390.0,38.0,0.0,0.0,2.0,0.0,26.0,9.0,6.0,25.0,1.0,6.0,0.0,1.0,0.0,0.0,4.0,12.0,1295.0,267.0,2388.0,4.85,0.49,13
2025-10,£50-£100,12,12,54.0,31.0,72.0,66.0,4.0,0.0,0.0,5.0,0.0,0.0,0.0,0.0,0.0,0.0,0.0,0.0,0.0,0.0,0.0,0.0,0.0,120.0,40.0,72.0,3.0,1.07,13
2025-10,£100-£200,21,21,61.0,1.0,126.0,17442.0,11837.0,0.0,1525.0,929.0,0.0,28.0,24.0,0.0,52.0,7.0,0.0,0.0,1.0,0.0,90.0,7.0,0.0,19198.0,12806.0,126.0,1.5,1.48,13
2025-10,£200-£500,29,29,706.0,626.0,174.0,654.0,680.0,0.0,60.0,17.0,0.0,0.0,45.0,0.0,0.0,6.0,0.0,71.0,5.0,18.0,1671.0,462.0,48.0,3162.0,1841.0,240.0,1.72,1.52,13
2025-10,£500-£1K,21,21,94.0,9.0,126.0,25.0,40.0,0.0,85.0,5.0,0.0,0.0,3.0,0.0,25.0,4.0,0.0,0.0,0.0,0.0,286.0,38.0,126.0,515.0,99.0,252.0,5.2,1.47,13
2025-10,£1K-£5K,42,42,1520.0,400.0,252.0,381.0,184.0,0.0,0.0,48.0,0.0,0.0,24.0,0.0,128.0,27.0,18.0,50.0,10.0,0.0,694.0,488.0,316.0,2773.0,1181.0,586.0,2.35,1.57,13
2025-10,£5K-£10K,19,19,98.0,58.0,114.0,790.0,990.0,0.0,0.0,4.0,0.0,277.0,16.0,0.0,42.0,9.0,0.0,0.0,6.0,0.0,4613.0,401.0,81.0,5820.0,1484.0,195.0,3.92,3.47,13
2025-10,£10K-£25K,12,12,1792.0,1555.0,72.0,76.0,249.0,0.0,0.0,19.0,0.0,0.0,14.0,0.0,0.0,8.0,0.0,0.0,3.0,0.0,20.0,1.0,6.0,1888.0,1849.0,78.0,1.02,0.98,13
2025-10,£25K-£50K,9,9,1021.0,353.0,54.0,4607.0,1917.0,0.0,354.0,79.0,0.0,0.0,0.0,0.0,0.0,0.0,0.0,0.0,1.0,0.0,722.0,871.0,70.0,6704.0,3221.0,124.0,2.08,2.0,13
2025-10,£50K+,4,4,58.0,18.0,24.0,0.0,2.0,0.0,0.0,0.0,0.0,0.0,0.0,0.0,0.0,0.0,0.0,0.0,0.0,0.0,0.0,0.0,0.0,58.0,20.0,24.0,2.9,1.32,13
2025-10,No data,5,5,0.0,0.0,49.0,0.0,0.0,0.0,0.0,0.0,0.0,0.0,0.0,0.0,0.0,0.0,0.0,0.0,0.0,0.0,0.0,0.0,0.0,0.0,0.0,49.0,,0.0,13
2025-11,£0-£50,459,459,1029.0,481.0,2754.0,65.0,80.0,0.0,85.0,9.0,0.0,26.0,27.0,0.0,0.0,0.0,0.0,751.0,734.0,0.0,0.0,0.0,17.0,1956.0,1331.0,2771.0,1.47,0.48,12
2025-11,£50-£100,21,21,51.0,46.0,126.0,0.0,1.0,0.0,0.0,6.0,0.0,0.0,0.0,0.0,0.0,0.0,0.0,0.0,0.0,6.0,66.0,24.0,12.0,117.0,77.0,144.0,1.52,0.53,12
2025-11,£100-£200,36,36,248.0,92.0,216.0,65.0,13.0,0.0,0.0,8.0,0.0,0.0,6.0,12.0,153.0,46.0,0.0,119.0,134.0,0.0,0.0,11.0,60.0,585.0,310.0,288.0,1.89,0.98,12
2025-11,£200-£500,14,14,1250.0,854.0,84.0,25.0,7.0,0.0,25.0,1.0,0.0,0.0,0.0,0.0,0.0,0.0,0.0,0.0,0.0,0.0,0.0,0.0,18.0,1300.0,862.0,102.0,1.51,1.35,12
2025-11,£500-£1K,26,26,0.0,16.0,156.0,0.0,4.0,0.0,0.0,2.0,0.0,0.0,0.0,0.0,24.0,1.0,0.0,0.0,0.0,6.0,44.0,35.0,114.0,68.0,58.0,276.0,1.17,0.2,12
2025-11,£1K-£5K,36,36,3149.0,2392.0,216.0,15726.0,11068.0,0.0,2569.0,2435.0,6.0,3632.0,1180.0,0.0,102.0,28.0,0.0,0.0,1.0,0.0,2507.0,2842.0,127.0,27685.0,19946.0,349.0,1.39,1.36,12
2025-11,£5K-£10K,6,6,760.0,297.0,36.0,133.0,3.0,0.0,84.0,11.0,0.0,1164.0,988.0,6.0,73.0,350.0,0.0,108.0,3.0,0.0,4170.0,1331.0,68.0,6492.0,2983.0,110.0,2.18,2.1,12
2025-11,£10K-£25K,9,9,3678.0,2232.0,54.0,0.0,0.0,0.0,0.0,0.0,0.0,60.0,11.0,0.0,0.0,0.0,0.0,0.0,0.0,0.0,119.0,15.0,6.0,3857.0,2258.0,60.0,1.71,1.66,12
2025-11,£25K-£50K,8,8,905.0,773.0,48.0,636.0,472.0,0.0,3784.0,2866.0,12.0,1683.0,753.0,6.0,4993.0,2683.0,0.0,4149.0,3284.0,18.0,25106.0,15095.0,29.0,41256.0,25926.0,113.0,1.59,1.58,12
2025-11,£50K+,4,4,0.0,60.0,24.0,0.0,1.0,0.0,0.0,1.0,0.0,0.0,0.0,0.0,0.0,1.0,0.0,0.0,0.0,0.0,0.0,0.0,0.0,0.0,63.0,24.0,0.0,0.0,12
2025-11,No data,10,10,0.0,0.0,82.0,0.0,0.0,0.0,0.0,0.0,0.0,0.0,0.0,0.0,0.0,0.0,0.0,0.0,0.0,0.0,0.0,0.0,0.0,0.0,0.0,82.0,,0.0,12
2025-12,£0-£50,294,294,559.0,50.0,1771.0,25.0,10.0,6.0,50.0,5.0,9.0,0.0,3.0,0.0,0.0,0.0,6.0,0.0,0.0,6.0,0.0,42.0,34.0,634.0,110.0,1832.0,5.76,0.33,11
2025-12,£50-£100,18,18,0.0,32.0,108.0,0.0,1.0,0.0,0.0,0.0,0.0,0.0,0.0,0.0,0.0,0.0,0.0,0.0,0.0,0.0,0.0,0.0,0.0,0.0,33.0,108.0,0.0,0.0,11
2025-12,£100-£200,22,22,0.0,10.0,132.0,58.0,3.0,0.0,0.0,0.0,0.0,0.0,0.0,6.0,0.0,1.0,0.0,0.0,0.0,12.0,50.0,24.0,0.0,108.0,38.0,150.0,2.84,0.57,11
2025-12,£200-£500,25,25,126.0,93.0,150.0,301.0,203.0,0.0,26.0,1.0,0.0,0.0,2.0,0.0,0.0,8.0,12.0,0.0,2.0,24.0,59.0,139.0,48.0,512.0,448.0,234.0,1.14,0.75,11
2025-12,£500-£1K,14,14,119.0,8.0,84.0,0.0,5.0,0.0,0.0,1.0,0.0,25.0,2.0,6.0,25.0,1.0,0.0,0.0,1.0,6.0,53.0,117.0,78.0,222.0,135.0,174.0,1.64,0.72,11
2025-12,£1K-£5K,28,28,508.0,118.0,168.0,25.0,5.0,0.0,0.0,0.0,0.0,0.0,1.0,0.0,0.0,0.0,6.0,660.0,128.0,24.0,1929.0,1090.0,112.0,3122.0,1342.0,310.0,2.33,1.89,11
2025-12,£5K-£10K,9,9,625.0,305.0,54.0,882.0,100.0,25.0,2229.0,1112.0,0.0,170.0,39.0,6.0,1710.0,1107.0,0.0,723.0,570.0,18.0,861.0,368.0,196.0,7200.0,3601.0,299.0,2.0,1.85,11
2025-12,£10K-£25K,12,12,194.0,48.0,72.0,0.0,73.0,18.0,82.0,52.0,18.0,0.0,15.0,0.0,218.0,9.0,0.0,7155.0,1345.0,0.0,3674.0,2637.0,71.0,11323.0,4179.0,179.0,2.71,2.6,11
2025-12,£25K-£50K,2,2,40.0,6.0,12.0,0.0,2.0,0.0,0.0,0.0,0.0,30.0,4.0,0.0,0.0,0.0,0.0,0.0,0.0,6.0,332.0,85.0,23.0,402.0,97.0,41.0,4.14,2.91,11
2025-12,£50K+,1,1,0.0,1.0,6.0,0.0,0.0,0.0,0.0,0.0,0.0,0.0,0.0,0.0,0.0,0.0,0.0,0.0,0.0,0.0,0.0,0.0,0.0,0.0,1.0,6.0,0.0,0.0,11
2025-12,No data,6,6,0.0,0.0,51.0,0.0,0.0,0.0,0.0,0.0,0.0,0.0,0.0,0.0,0.0,0.0,0.0,0.0,0.0,0.0,0.0,0.0,0.0,0.0,0.0,51.0,,0.0,11
2026-01,£0-£50,616,621,735.0,234.0,4086.0,483.0,166.0,19.0,0.0,6.0,0.0,116.0,3.0,0.0,0.0,1.0,6.0,154.0,63.0,0.0,0.0,27.0,35.0,1488.0,500.0,4146.0,2.98,0.32,10
2026-01,£50-£100,37,37,81.0,26.0,229.0,55.0,16.0,18.0,135.0,9.0,0.0,127.0,44.0,6.0,0.0,5.0,0.0,0.0,1.0,0.0,0.0,0.0,12.0,398.0,101.0,265.0,3.94,1.09,10
2026-01,£100-£200,45,45,274.0,29.0,289.0,0.0,9.0,0.0,64.0,4.0,0.0,0.0,2.0,6.0,0.0,0.0,6.0,0.0,0.0,12.0,34.0,0.0,18.0,372.0,44.0,331.0,8.45,0.99,10
2026-01,£200-£500,40,40,350.0,62.0,278.0,72.0,12.0,6.0,0.0,1.0,0.0,0.0,2.0,24.0,0.0,1.0,30.0,0.0,4.0,18.0,69.0,70.0,52.0,491.0,152.0,408.0,3.23,0.88,10
2026-01,£500-£1K,22,24,157.0,135.0,144.0,0.0,7.0,6.0,0.0,7.0,0.0,0.0,0.0,6.0,0.0,0.0,30.0,84.0,1.0,24.0,248.0,665.0,73.0,489.0,815.0,283.0,0.6,0.45,10
2026-01,£1K-£5K,27,27,1447.0,1143.0,174.0,749.0,190.0,0.0,24.0,14.0,0.0,404.0,34.0,12.0,103.0,6.0,12.0,273.0,33.0,24.0,1922.0,1235.0,81.0,4922.0,2655.0,303.0,1.85,1.66,10
2026-01,£5K-£10K,5,5,156.0,36.0,36.0,0.0,11.0,0.0,0.0,0.0,0.0,0.0,0.0,0.0,0.0,4.0,6.0,0.0,0.0,6.0,0.0,0.0,0.0,156.0,51.0,48.0,3.06,1.58,10
2026-01,£10K-£25K,10,10,2170.0,1264.0,60.0,16493.0,5721.0,0.0,2066.0,945.0,6.0,1423.0,536.0,12.0,730.0,314.0,18.0,331.0,25.0,24.0,570.0,483.0,41.0,23783.0,9288.0,161.0,2.56,2.52,10
2026-01,£25K-£50K,2,2,5350.0,5245.0,27.0,2605.0,3242.0,0.0,3281.0,4505.0,0.0,1875.0,2770.0,0.0,1112.0,1642.0,0.0,28.0,85.0,0.0,237.0,660.0,6.0,14488.0,18149.0,33.0,0.8,0.8,10
2026-01,£50K+,1,1,383.0,194.0,6.0,48.0,1.0,0.0,0.0,0.0,0.0,0.0,0.0,0.0,0.0,0.0,0.0,0.0,0.0,0.0,0.0,20.0,0.0,431.0,215.0,6.0,2.0,1.95,10
2026-01,No data,7,7,0.0,0.0,49.0,0.0,0.0,0.0,0.0,0.0,0.0,0.0,0.0,0.0,0.0,0.0,0.0,0.0,0.0,0.0,0.0,0.0,0.0,0.0,0.0,49.0,,0.0,10
2026-02,£0-£50,356,359,401.0,118.0,2682.0,550.0,45.0,24.0,110.0,4.0,30.0,0.0,1.0,30.0,0.0,3.0,24.0,0.0,1.0,12.0,17.0,24.0,6.0,1078.0,196.0,2808.0,5.5,0.36,9
2026-02,£50-£100,49,50,222.0,74.0,371.0,109.0,47.0,12.0,0.0,1.0,0.0,0.0,1.0,12.0,0.0,2.0,6.0,20.0,4.0,6.0,0.0,7.0,12.0,351.0,136.0,419.0,2.58,0.63,9
2026-02,£100-£200,55,59,197.0,121.0,446.0,50.0,9.0,12.0,0.0,5.0,6.0,26.0,6.0,30.0,65.0,26.0,30.0,0.0,1.0,0.0,34.0,21.0,36.0,372.0,189.0,560.0,1.97,0.5,9
2026-02,£200-£500,89,95,397.0,79.0,731.0,263.0,27.0,24.0,122.0,4.0,18.0,64.0,2.0,24.0,388.0,33.0,110.0,174.0,5.0,70.0,108.0,40.0,36.0,1516.0,190.0,1013.0,7.98,1.26,9
2026-02,£500-£1K,59,64,592.0,115.0,466.0,114.0,94.0,14.0,168.0,8.0,6.0,80.0,11.0,41.0,1508.0,1480.0,60.0,107.0,132.0,28.0,454.0,299.0,98.0,3023.0,2139.0,713.0,1.41,1.06,9
2026-02,£1K-£5K,127,137,1217.0,714.0,1076.0,3954.0,3614.0,60.0,669.0,103.0,36.0,1608.0,832.0,160.0,694.0,176.0,125.0,85.0,31.0,144.0,1055.0,1165.0,515.0,9282.0,6635.0,2116.0,1.4,1.06,9
2026-02,£5K-£10K,29,30,1288.0,786.0,210.0,306.0,38.0,6.0,273.0,14.0,30.0,58.0,21.0,54.0,727.0,520.0,42.0,114.0,11.0,38.0,313.0,202.0,73.0,3079.0,1592.0,453.0,1.93,1.51,9
2026-02,£10K-£25K,35,40,4950.0,3457.0,275.0,14133.0,11292.0,30.0,1616.0,1948.0,18.0,2610.0,2499.0,18.0,2990.0,2582.0,42.0,70.0,5.0,6.0,11731.0,13321.0,127.0,38100.0,35104.0,516.0,1.09,1.07,9
2026-02,£25K-£50K,14,14,3049.0,1065.0,90.0,1447.0,1606.0,0.0,25.0,47.0,6.0,1204.0,175.0,0.0,0.0,4.0,6.0,0.0,0.0,0.0,579.0,737.0,47.0,6304.0,3634.0,149.0,1.73,1.67,9
2026-02,£50K+,6,6,0.0,12.0,36.0,865.0,260.0,0.0,52.0,22.0,0.0,25.0,26.0,0.0,0.0,0.0,0.0,0.0,0.0,6.0,40.0,19.0,0.0,982.0,339.0,42.0,2.9,2.58,9
2026-02,No data,2,2,0.0,0.0,26.0,0.0,0.0,0.0,0.0,0.0,0.0,0.0,0.0,0.0,0.0,0.0,0.0,0.0,0.0,0.0,0.0,0.0,0.0,0.0,0.0,26.0,,0.0,9
2026-03,£0-£50,394,395,705.0,107.0,2602.0,665.0,50.0,54.0,271.0,7.0,60.0,132.0,9.0,30.0,0.0,1.0,18.0,34.0,13.0,18.0,0.0,9.0,24.0,1807.0,196.0,2806.0,9.22,0.6,8
2026-03,£50-£100,132,134,424.0,36.0,918.0,161.0,26.0,6.0,360.0,9.0,59.0,86.0,8.0,12.0,100.0,29.0,0.0,28.0,34.0,12.0,82.0,99.0,5.0,1241.0,241.0,1012.0,5.15,0.99,8
2026-03,£100-£200,169,170,3065.0,2201.0,1080.0,313.0,22.0,30.0,51.0,15.0,89.0,130.0,13.0,84.0,0.0,2.0,30.0,311.0,106.0,66.0,205.0,110.0,30.0,4075.0,2469.0,1409.0,1.65,1.05,8
2026-03,£200-£500,266,267,614.0,159.0,1762.0,516.0,53.0,48.0,196.0,64.0,238.0,905.0,108.0,262.0,296.0,156.0,149.0,148.0,189.0,111.0,429.0,148.0,71.0,3104.0,877.0,2641.0,3.54,0.88,8
2026-03,£500-£1K,173,174,579.0,149.0,1079.0,303.0,34.0,72.0,389.0,79.0,190.0,987.0,211.0,209.0,263.0,14.0,161.0,287.0,121.0,112.0,405.0,193.0,80.0,3213.0,801.0,1903.0,4.01,1.19,8
2026-03,£1K-£5K,254,261,9396.0,4207.0,1722.0,3144.0,830.0,79.0,1504.0,359.0,374.0,3354.0,916.0,514.0,859.0,315.0,336.0,12631.0,10124.0,745.0,1946.0,1250.0,330.0,32834.0,18001.0,4100.0,1.82,1.49,8
2026-03,£5K-£10K,49,49,33014.0,16261.0,318.0,111.0,17.0,0.0,2526.0,504.0,60.0,2602.0,552.0,54.0,3166.0,793.0,26.0,11916.0,2907.0,118.0,14777.0,6806.0,49.0,68112.0,27840.0,625.0,2.45,2.39,8
2026-03,£10K-£25K,30,31,25379.0,11000.0,236.0,14499.0,4635.0,12.0,1638.0,161.0,42.0,21048.0,3333.0,30.0,1335.0,367.0,79.0,2847.0,1873.0,40.0,5049.0,3434.0,59.0,71795.0,24803.0,498.0,2.89,2.84,8
2026-03,£25K-£50K,9,10,434.0,252.0,66.0,763.0,857.0,6.0,488.0,67.0,0.0,878.0,77.0,18.0,431.0,171.0,22.0,458.0,286.0,29.0,262.0,205.0,11.0,3714.0,1915.0,152.0,1.94,1.8,8
2026-03,£50K+,5,5,266.0,9.0,30.0,816.0,516.0,12.0,3146.0,1479.0,0.0,21241.0,13038.0,18.0,130.0,85.0,14.0,342.0,586.0,51.0,378.0,334.0,22.0,26319.0,16047.0,147.0,1.64,1.63,8
2026-03,No data,5,5,38.0,1.0,41.0,0.0,0.0,0.0,0.0,0.0,0.0,0.0,0.0,0.0,0.0,0.0,0.0,0.0,0.0,0.0,0.0,0.0,0.0,38.0,1.0,41.0,38.0,0.9,8
2026-04,£0-£50,148,149,208.0,33.0,898.0,0.0,5.0,24.0,0.0,4.0,30.0,0.0,0.0,0.0,0.0,0.0,0.0,41.0,1.0,6.0,0.0,0.0,0.0,249.0,43.0,958.0,5.79,0.25,7
2026-04,£50-£100,63,64,635.0,39.0,384.0,121.0,3.0,18.0,29.0,20.0,12.0,0.0,0.0,18.0,0.0,0.0,0.0,0.0,1.0,6.0,0.0,0.0,0.0,785.0,63.0,438.0,12.46,1.57,7
2026-04,£100-£200,83,84,159.0,32.0,504.0,25.0,4.0,30.0,73.0,7.0,41.0,0.0,1.0,18.0,152.0,108.0,42.0,0.0,8.0,17.0,0.0,0.0,0.0,409.0,160.0,652.0,2.56,0.5,7
2026-04,£200-£500,144,146,1014.0,208.0,876.0,155.0,14.0,89.0,322.0,25.0,109.0,43.0,14.0,66.0,80.0,48.0,35.0,187.0,174.0,35.0,0.0,0.0,0.0,1801.0,483.0,1210.0,3.73,1.06,7
2026-04,£500-£1K,119,121,393.0,100.0,726.0,26.0,43.0,119.0,1671.0,598.0,137.0,214.0,25.0,69.0,543.0,311.0,114.0,381.0,327.0,68.0,20.0,10.0,5.0,3248.0,1414.0,1238.0,2.3,1.22,7
2026-04,£1K-£5K,204,209,3412.0,845.0,1260.0,4673.0,1548.0,226.0,3261.0,784.0,384.0,743.0,222.0,239.0,1804.0,813.0,510.0,1450.0,539.0,328.0,125.0,136.0,54.0,15468.0,4887.0,3001.0,3.17,1.96,7
2026-04,£5K-£10K,48,49,7617.0,3192.0,294.0,1939.0,411.0,66.0,2417.0,343.0,114.0,26.0,40.0,83.0,726.0,753.0,161.0,642.0,1149.0,97.0,66.0,118.0,9.0,13433.0,6006.0,824.0,2.24,1.97,7
2026-04,£10K-£25K,43,43,2762.0,1475.0,276.0,2419.0,1051.0,24.0,3537.0,1256.0,71.0,557.0,103.0,37.0,1012.0,912.0,48.0,3263.0,2870.0,68.0,19.0,0.0,12.0,13569.0,7667.0,536.0,1.77,1.65,7
2026-04,£25K-£50K,17,17,1721.0,287.0,102.0,369.0,44.0,6.0,155.0,45.0,18.0,50.0,10.0,6.0,2386.0,2643.0,24.0,1062.0,855.0,12.0,155.0,147.0,5.0,5898.0,4031.0,173.0,1.46,1.4,7
2026-04,£50K+,8,8,50332.0,24321.0,48.0,5161.0,2734.0,18.0,19346.0,4497.0,18.0,139.0,37.0,34.0,8517.0,3381.0,51.0,4229.0,4825.0,6.0,79.0,67.0,0.0,87803.0,39862.0,175.0,2.2,2.19,7
2026-04,No data,1,1,0.0,0.0,6.0,0.0,0.0,0.0,0.0,0.0,6.0,0.0,0.0,0.0,0.0,0.0,0.0,0.0,0.0,0.0,0.0,0.0,0.0,0.0,0.0,12.0,,0.0,7
2026-05,£0-£50,40,49,182.0,3.0,303.0,55.0,20.0,6.0,0.0,1.0,0.0,0.0,0.0,6.0,0.0,0.0,0.0,0.0,0.0,0.0,0.0,0.0,0.0,237.0,24.0,315.0,9.88,0.7,6
2026-05,£50-£100,22,27,85.0,3.0,190.0,0.0,7.0,0.0,0.0,0.0,6.0,0.0,2.0,24.0,0.0,11.0,6.0,0.0,0.0,0.0,0.0,0.0,0.0,85.0,23.0,226.0,3.7,0.34,6
2026-05,£100-£200,25,27,63.0,9.0,162.0,198.0,5.0,36.0,0.0,0.0,6.0,0.0,0.0,0.0,0.0,0.0,0.0,0.0,0.0,0.0,0.0,0.0,0.0,261.0,14.0,204.0,18.64,1.2,6
2026-05,£200-£500,99,115,423.0,27.0,709.0,897.0,219.0,107.0,25.0,2.0,48.0,155.0,19.0,58.0,24.0,135.0,18.0,0.0,0.0,0.0,0.0,0.0,0.0,1524.0,402.0,940.0,3.79,1.14,6
2026-05,£500-£1K,88,106,338.0,63.0,640.0,1012.0,88.0,102.0,0.0,10.0,66.0,241.0,343.0,57.0,1129.0,278.0,48.0,0.0,6.0,0.0,0.0,0.0,0.0,2720.0,788.0,913.0,3.45,1.6,6
2026-05,£1K-£5K,199,239,9200.0,4728.0,1466.0,4207.0,991.0,311.0,1676.0,155.0,198.0,2524.0,1187.0,347.0,3162.0,1873.0,214.0,329.0,145.0,58.0,0.0,0.0,0.0,21098.0,9079.0,2594.0,2.32,1.81,6
2026-05,£5K-£10K,50,59,258.0,31.0,369.0,4514.0,2435.0,85.0,503.0,55.0,36.0,1612.0,734.0,89.0,355.0,353.0,80.0,126.0,19.0,12.0,0.0,0.0,0.0,7368.0,3627.0,671.0,2.03,1.71,6
2026-05,£10K-£25K,32,35,511.0,251.0,213.0,406.0,137.0,66.0,173.0,9.0,39.0,5095.0,4703.0,33.0,586.0,836.0,16.0,0.0,0.0,0.0,0.0,0.0,0.0,6771.0,5936.0,367.0,1.14,1.07,6
2026-05,£25K-£50K,14,15,955.0,278.0,93.0,7073.0,245.0,38.0,4017.0,838.0,31.0,12424.0,6494.0,48.0,7272.0,3320.0,17.0,815.0,570.0,6.0,0.0,0.0,0.0,32556.0,11745.0,233.0,2.77,2.72,6
2026-05,£50K+,7,7,329.0,124.0,42.0,114.0,28.0,0.0,0.0,2.0,22.0,0.0,0.0,0.0,0.0,0.0,6.0,39.0,17.0,6.0,0.0,0.0,0.0,482.0,171.0,76.0,2.82,1.95,6
2026-05,No data,15,15,0.0,0.0,90.0,0.0,0.0,0.0,0.0,0.0,0.0,0.0,0.0,0.0,0.0,0.0,0.0,0.0,0.0,0.0,0.0,0.0,0.0,0.0,0.0,90.0,,0.0,6
2026-06,£0-£50,1553,1559,804.0,191.0,9385.0,302.0,29.0,36.0,42.0,38.0,52.0,144.0,149.0,0.0,0.0,3.0,0.0,0.0,0.0,0.0,0.0,0.0,0.0,1292.0,410.0,9473.0,3.15,0.13,5
2026-06,£50-£100,192,201,380.0,13.0,1215.0,248.0,11.0,24.0,0.0,16.0,24.0,30.0,1.0,0.0,0.0,1.0,0.0,0.0,0.0,0.0,0.0,0.0,0.0,658.0,42.0,1263.0,15.67,0.5,5
2026-06,£100-£200,248,258,624.0,50.0,1562.0,404.0,52.0,94.0,190.0,117.0,95.0,163.0,86.0,44.0,75.0,10.0,0.0,0.0,0.0,0.0,0.0,0.0,0.0,1456.0,315.0,1795.0,4.62,0.69,5
2026-06,£200-£500,324,343,2621.0,216.0,2104.0,1404.0,394.0,243.0,423.0,264.0,228.0,399.0,382.0,112.0,49.0,13.0,17.0,0.0,0.0,0.0,0.0,0.0,0.0,4896.0,1269.0,2704.0,3.86,1.23,5
2026-06,£500-£1K,213,227,1833.0,135.0,1382.0,771.0,58.0,250.0,601.0,274.0,224.0,621.0,204.0,76.0,0.0,4.0,6.0,0.0,0.0,0.0,0.0,0.0,0.0,3826.0,675.0,1938.0,5.67,1.46,5
2026-06,£1K-£5K,328,376,4098.0,335.0,2428.0,1596.0,221.0,268.0,2223.0,1273.0,494.0,1357.0,616.0,283.0,215.0,63.0,22.0,0.0,0.0,0.0,0.0,0.0,0.0,9489.0,2508.0,3495.0,3.78,1.58,5
2026-06,£5K-£10K,56,67,4705.0,827.0,439.0,1593.0,945.0,109.0,7529.0,6366.0,105.0,11270.0,10728.0,58.0,96.0,239.0,12.0,0.0,0.0,0.0,0.0,0.0,0.0,25193.0,19105.0,723.0,1.32,1.27,5
2026-06,£10K-£25K,34,38,2576.0,475.0,240.0,520.0,75.0,41.0,3779.0,2873.0,56.0,2689.0,2042.0,29.0,203.0,226.0,6.0,0.0,0.0,0.0,0.0,0.0,0.0,9767.0,5691.0,372.0,1.72,1.61,5
2026-06,£25K-£50K,8,8,26.0,2.0,48.0,42.0,0.0,6.0,0.0,0.0,11.0,0.0,0.0,0.0,0.0,0.0,0.0,0.0,0.0,0.0,0.0,0.0,0.0,68.0,2.0,65.0,34.0,1.01,5
2026-06,£50K+,10,11,388.0,290.0,76.0,246.0,158.0,0.0,103.0,127.0,11.0,0.0,0.0,0.0,0.0,0.0,0.0,0.0,0.0,0.0,0.0,0.0,0.0,737.0,575.0,87.0,1.28,1.11,5
2026-06,No data,58,66,0.0,1.0,403.0,0.0,0.0,18.0,0.0,0.0,6.0,0.0,1.0,6.0,0.0,0.0,0.0,0.0,0.0,0.0,0.0,0.0,0.0,0.0,2.0,433.0,0.0,0.0,5
2026-07,£0-£50,984,995,93.0,7.0,5850.0,288.0,169.0,0.0,2843.0,3354.0,36.0,25.0,35.0,15.0,0.0,0.0,0.0,0.0,0.0,0.0,0.0,0.0,0.0,3249.0,3565.0,5901.0,0.91,0.34,4
2026-07,£50-£100,84,84,0.0,3.0,500.0,0.0,12.0,36.0,0.0,0.0,6.0,0.0,0.0,0.0,0.0,0.0,0.0,0.0,0.0,0.0,0.0,0.0,0.0,0.0,15.0,542.0,0.0,0.0,4
2026-07,£100-£200,164,169,74.0,6.0,1010.0,59.0,38.0,94.0,263.0,499.0,36.0,19.0,2.0,0.0,0.0,0.0,0.0,0.0,0.0,0.0,0.0,0.0,0.0,415.0,545.0,1140.0,0.76,0.25,4
2026-07,£200-£500,215,233,50.0,7.0,1400.0,187.0,91.0,139.0,74.0,14.0,33.0,20.0,2.0,6.0,0.0,0.0,0.0,0.0,0.0,0.0,0.0,0.0,0.0,331.0,114.0,1578.0,2.9,0.2,4
2026-07,£500-£1K,153,169,180.0,10.0,1026.0,1043.0,440.0,186.0,469.0,290.0,73.0,0.0,18.0,9.0,0.0,0.0,0.0,0.0,0.0,0.0,0.0,0.0,0.0,1692.0,758.0,1294.0,2.23,0.82,4
2026-07,£1K-£5K,177,189,563.0,118.0,1161.0,2627.0,1613.0,367.0,1343.0,1090.0,221.0,215.0,155.0,28.0,0.0,0.0,0.0,0.0,0.0,0.0,0.0,0.0,0.0,4748.0,2976.0,1777.0,1.6,1.0,4
2026-07,£5K-£10K,31,35,156.0,165.0,217.0,9641.0,4616.0,76.0,1660.0,831.0,12.0,75.0,16.0,0.0,0.0,0.0,0.0,0.0,0.0,0.0,0.0,0.0,0.0,11532.0,5628.0,305.0,2.05,1.94,4
2026-07,£10K-£25K,29,36,59.0,50.0,253.0,344.0,276.0,6.0,372.0,738.0,6.0,42.0,2.0,0.0,0.0,0.0,0.0,0.0,0.0,0.0,0.0,0.0,0.0,817.0,1066.0,265.0,0.77,0.61,4
2026-07,£25K-£50K,8,11,370.0,683.0,106.0,6029.0,3609.0,5.0,6389.0,5360.0,16.0,68.0,108.0,0.0,0.0,0.0,0.0,0.0,0.0,0.0,0.0,0.0,0.0,12856.0,9760.0,127.0,1.32,1.3,4
2026-07,£50K+,6,9,0.0,2.0,69.0,760.0,431.0,12.0,1049.0,1323.0,6.0,19.0,28.0,0.0,0.0,0.0,0.0,0.0,0.0,0.0,0.0,0.0,0.0,1828.0,1784.0,87.0,1.02,0.98,4
2026-07,No data,514,520,0.0,0.0,2538.0,0.0,0.0,56.0,0.0,0.0,52.0,0.0,0.0,12.0,0.0,0.0,0.0,0.0,0.0,0.0,0.0,0.0,0.0,0.0,0.0,2658.0,,0.0,4
2026-08,£0-£50,87,118,150.0,214.0,574.0,459.0,622.0,12.0,0.0,7.0,0.0,0.0,0.0,0.0,0.0,0.0,0.0,0.0,0.0,0.0,0.0,0.0,0.0,609.0,843.0,586.0,0.72,0.43,3
2026-08,£50-£100,17,25,143.0,65.0,149.0,42.0,23.0,11.0,0.0,0.0,0.0,0.0,0.0,0.0,0.0,0.0,0.0,0.0,0.0,0.0,0.0,0.0,0.0,185.0,88.0,160.0,2.1,0.75,3
2026-08,£100-£200,42,67,137.0,227.0,342.0,130.0,144.0,0.0,20.0,0.0,6.0,0.0,0.0,0.0,0.0,0.0,0.0,0.0,0.0,0.0,0.0,0.0,0.0,287.0,371.0,348.0,0.77,0.4,3
2026-08,£200-£500,84,132,654.0,233.0,741.0,263.0,85.0,12.0,0.0,0.0,6.0,0.0,0.0,0.0,0.0,0.0,0.0,0.0,0.0,0.0,0.0,0.0,0.0,917.0,318.0,759.0,2.88,0.85,3
2026-08,£500-£1K,93,141,957.0,837.0,778.0,390.0,486.0,54.0,0.0,1.0,5.0,0.0,0.0,0.0,0.0,0.0,0.0,0.0,0.0,0.0,0.0,0.0,0.0,1347.0,1324.0,837.0,1.02,0.62,3
2026-08,£1K-£5K,182,266,6672.0,4076.0,1504.0,3599.0,2679.0,215.0,521.0,269.0,30.0,0.0,0.0,0.0,0.0,0.0,0.0,0.0,0.0,0.0,0.0,0.0,0.0,10792.0,7024.0,1749.0,1.54,1.23,3
2026-08,£5K-£10K,30,48,1233.0,788.0,280.0,1666.0,2456.0,78.0,169.0,164.0,18.0,0.0,0.0,0.0,0.0,0.0,0.0,0.0,0.0,0.0,0.0,0.0,0.0,3068.0,3408.0,376.0,0.9,0.81,3
2026-08,£10K-£25K,18,22,777.0,733.0,124.0,799.0,612.0,12.0,20.0,87.0,6.0,0.0,0.0,0.0,0.0,0.0,0.0,0.0,0.0,0.0,0.0,0.0,0.0,1596.0,1432.0,142.0,1.11,1.01,3
2026-08,£25K-£50K,5,6,1000.0,353.0,36.0,290.0,388.0,18.0,20.0,48.0,6.0,0.0,0.0,0.0,0.0,0.0,0.0,0.0,0.0,0.0,0.0,0.0,0.0,1310.0,789.0,60.0,1.66,1.54,3
2026-08,£50K+,5,8,480.0,163.0,54.0,1208.0,131.0,0.0,0.0,0.0,0.0,0.0,0.0,0.0,0.0,0.0,0.0,0.0,0.0,0.0,0.0,0.0,0.0,1688.0,294.0,54.0,5.74,4.85,3
2026-08,No data,283,284,0.0,0.0,1555.0,0.0,0.0,24.0,0.0,0.0,0.0,0.0,0.0,0.0,0.0,0.0,0.0,0.0,0.0,0.0,0.0,0.0,0.0,0.0,0.0,1579.0,,0.0,3
2026-09,£0-£50,64,74,0.0,96.0,487.0,0.0,0.0,0.0,0.0,0.0,0.0,0.0,0.0,0.0,0.0,0.0,0.0,0.0,0.0,0.0,0.0,0.0,0.0,0.0,96.0,487.0,0.0,0.0,2
2026-09,£50-£100,3,3,0.0,40.0,18.0,0.0,0.0,0.0,0.0,0.0,0.0,0.0,0.0,0.0,0.0,0.0,0.0,0.0,0.0,0.0,0.0,0.0,0.0,0.0,40.0,18.0,0.0,0.0,2
2026-09,£100-£200,9,11,26.0,20.0,70.0,0.0,0.0,0.0,0.0,0.0,0.0,0.0,0.0,0.0,0.0,0.0,0.0,0.0,0.0,0.0,0.0,0.0,0.0,26.0,20.0,70.0,1.3,0.29,2
2026-09,£200-£500,17,20,27.0,36.0,138.0,0.0,1.0,0.0,0.0,0.0,0.0,0.0,0.0,0.0,0.0,0.0,0.0,0.0,0.0,0.0,0.0,0.0,0.0,27.0,37.0,138.0,0.73,0.15,2
2026-09,£500-£1K,34,40,85.0,51.0,246.0,0.0,23.0,0.0,0.0,0.0,0.0,0.0,0.0,0.0,0.0,0.0,0.0,0.0,0.0,0.0,0.0,0.0,0.0,85.0,74.0,246.0,1.15,0.27,2
2026-09,£1K-£5K,127,151,1260.0,902.0,911.0,477.0,649.0,35.0,0.0,0.0,0.0,0.0,0.0,0.0,0.0,0.0,0.0,0.0,0.0,0.0,0.0,0.0,0.0,1737.0,1551.0,946.0,1.12,0.7,2
2026-09,£5K-£10K,24,29,869.0,417.0,184.0,25.0,46.0,0.0,0.0,0.0,0.0,0.0,0.0,0.0,0.0,0.0,0.0,0.0,0.0,0.0,0.0,0.0,0.0,894.0,463.0,184.0,1.93,1.38,2
2026-09,£10K-£25K,39,47,1368.0,1245.0,277.0,325.0,234.0,6.0,0.0,0.0,0.0,0.0,0.0,0.0,0.0,0.0,0.0,0.0,0.0,0.0,0.0,0.0,0.0,1693.0,1479.0,283.0,1.14,0.96,2
2026-09,£25K-£50K,6,11,61.0,65.0,68.0,77.0,13.0,0.0,0.0,0.0,0.0,0.0,0.0,0.0,0.0,0.0,0.0,0.0,0.0,0.0,0.0,0.0,0.0,138.0,78.0,68.0,1.77,0.95,2
2026-09,£50K+,3,6,20.0,216.0,35.0,0.0,12.0,0.0,0.0,0.0,0.0,0.0,0.0,0.0,0.0,0.0,0.0,0.0,0.0,0.0,0.0,0.0,0.0,20.0,228.0,35.0,0.09,0.08,2
2026-09,No data,174,177,20.0,6.0,1078.0,0.0,0.0,0.0,0.0,0.0,0.0,0.0,0.0,0.0,0.0,0.0,0.0,0.0,0.0,0.0,0.0,0.0,0.0,20.0,6.0,1078.0,3.33,0.02,2
2026-10,£0-£50,5,5,0.0,0.0,30.0,0.0,0.0,0.0,0.0,0.0,0.0,0.0,0.0,0.0,0.0,0.0,0.0,0.0,0.0,0.0,0.0,0.0,0.0,0.0,0.0,30.0,,0.0,1
2026-10,£100-£200,4,5,0.0,3.0,32.0,0.0,0.0,0.0,0.0,0.0,0.0,0.0,0.0,0.0,0.0,0.0,0.0,0.0,0.0,0.0,0.0,0.0,0.0,0.0,3.0,32.0,0.0,0.0,1
2026-10,£200-£500,22,26,0.0,0.0,138.0,0.0,0.0,0.0,0.0,0.0,0.0,0.0,0.0,0.0,0.0,0.0,0.0,0.0,0.0,0.0,0.0,0.0,0.0,0.0,0.0,138.0,,0.0,1
2026-10,£500-£1K,18,21,0.0,0.0,117.0,0.0,0.0,0.0,0.0,0.0,0.0,0.0,0.0,0.0,0.0,0.0,0.0,0.0,0.0,0.0,0.0,0.0,0.0,0.0,0.0,117.0,,0.0,1
2026-10,£1K-£5K,15,16,0.0,2.0,81.0,0.0,0.0,0.0,0.0,0.0,0.0,0.0,0.0,0.0,0.0,0.0,0.0,0.0,0.0,0.0,0.0,0.0,0.0,0.0,2.0,81.0,0.0,0.0,1
2026-10,£5K-£10K,2,2,0.0,0.0,12.0,0.0,0.0,0.0,0.0,0.0,0.0,0.0,0.0,0.0,0.0,0.0,0.0,0.0,0.0,0.0,0.0,0.0,0.0,0.0,0.0,12.0,,0.0,1
2026-10,No data,44,46,0.0,0.0,283.0,0.0,0.0,0.0,0.0,0.0,0.0,0.0,0.0,0.0,0.0,0.0,0.0,0.0,0.0,0.0,0.0,0.0,0.0,0.0,0.0,283.0,,0.0,1
